{
  "features": [
    "Own House",
    "If rent then whether the landlord is aware of the loan",
    "How many years the member is staying at the area",
    "Guarantor Details",
    "Whether the FO or CO visited the house",
    "Whether the family members are aware of the loan",
    "Whether the remarks of that person are satisfactory",
    "Whether the phone number is verified",
    "Number of children",
    "Number of children going to school",
    "Family Income in Taka",
    "Total Asset Value of Family in Taka",
    "Total Savings",
    "Loan Amount",
    "Installment Amount",
    "Interest Rate",
    "Number of Installment"
  ],
  "cat_cols": [
    "Own House",
    "If rent then whether the landlord is aware of the loan",
    "How many years the member is staying at the area",
    "Guarantor Details",
    "Whether the FO or CO visited the house",
    "Whether the family members are aware of the loan",
    "Whether the remarks of that person are satisfactory",
    "Whether the phone number is verified"
  ],
  "num_cols": [
    "Number of children",
    "Number of children going to school",
    "Family Income in Taka",
    "Total Asset Value of Family in Taka",
    "Total Savings",
    "Loan Amount",
    "Installment Amount",
    "Interest Rate",
    "Number of Installment"
  ],
  "blend_weight_xgb": 0.25,
  "thresholds": {
    "lr": 0.6900000000000001,
    "xgb": 0.1,
    "hybrid": 0.75
  },
  "target_definition": "DEFAULT=1 if Advance or Due Amount > 0 else 0",
  "train_expansion": {
    "total": 5000,
    "default_ratio": 0.5
  },
  "guards": {
    "min_recall": 0.9,
    "min_precision": 0.2,
    "min_threshold_floor": 0.1
  },
  "topk_policy": {
    "reject_pct": 0.05,
    "review_next_pct": 0.1
  }
}